CustomerID,Age,Annual_Income_k,Spending_Score_1100,Income_to_Spending_Ratio,Age_Group,Spending_Behavior,Savings_Potential,Spending_Type
1,56,144.415,68,2.12375,Senior,High,76.41499999999999,Balanced
2,69,39.375,86,0.4578488372093023,Senior,High,-46.625,High Spending
3,46,26.964,66,0.40854545454545454,Middle-Aged,Medium,-39.036,High Spending
4,32,123.429,10,12.3429,Middle-Aged,Low,113.429,High Savings
5,60,77.215,5,15.443000000000001,Senior,Low,72.215,High Savings
6,25,79.042,74,1.0681351351351351,Young,High,5.042000000000002,High Spending
7,38,103.468,97,1.066680412371134,Middle-Aged,High,6.4680000000000035,High Spending
8,56,19.435,38,0.5114473684210527,Senior,Medium,-18.565,High Spending
9,36,88.832,13,6.833230769230768,Middle-Aged,Low,75.832,High Savings
10,40,61.293,31,1.9771935483870968,Middle-Aged,Low,30.293,High Spending
11,28,88.781,47,1.8889574468085109,Young,Medium,41.781000000000006,High Spending
12,28,53.919,100,0.53919,Young,High,-46.081,High Spending
13,41,131.172,88,1.490590909090909,Middle-Aged,High,43.172,High Spending
14,53,104.758,52,2.014576923076923,Senior,Medium,52.757999999999996,Balanced
15,57,66.573,56,1.1888035714285714,Senior,Medium,10.572999999999993,High Spending
16,41,69.101,15,4.606733333333334,Middle-Aged,Low,54.101,High Savings
17,20,36.646,29,1.2636551724137932,Young,Low,7.646000000000001,High Spending
18,39,114.185,8,14.273125,Middle-Aged,Low,106.185,High Savings
19,19,33.049,5,6.6098,Young,Low,28.049,High Savings
20,41,108.116,29,3.7281379310344827,Middle-Aged,Low,79.116,Balanced
21,61,107.379,47,2.284659574468085,Senior,Medium,60.379000000000005,Balanced
22,47,78.385,68,1.1527205882352942,Middle-Aged,High,10.385000000000005,High Spending
23,55,136.131,76,1.7911973684210527,Senior,High,60.131,High Spending
24,19,33.289,45,0.7397555555555556,Young,Medium,-11.710999999999999,High Spending
25,38,120.226,2,60.113,Middle-Aged,Low,118.226,High Savings
26,50,110.793,27,4.1034444444444444,Middle-Aged,Low,83.793,High Savings
27,29,19.823,95,0.20866315789473686,Young,High,-75.17699999999999,High Spending
28,39,51.975,36,1.44375,Middle-Aged,Medium,15.975000000000001,High Spending
29,61,19.54,36,0.5427777777777778,Senior,Medium,-16.46,High Spending
30,42,26.364,26,1.014,Middle-Aged,Low,0.36400000000000077,High Spending
31,66,145.683,43,3.387976744186046,Senior,Medium,102.68299999999999,Balanced
32,44,37.663,27,1.394925925925926,Middle-Aged,Low,10.662999999999997,High Spending
33,59,61.991,69,0.8984202898550725,Senior,High,-7.009,High Spending
34,45,114.182,20,5.7091,Middle-Aged,Low,94.182,High Savings
35,33,104.704,11,9.518545454545453,Middle-Aged,Low,93.704,High Savings
36,32,59.115,74,0.7988513513513513,Middle-Aged,High,-14.884999999999998,High Spending
37,64,101.007,38,2.658078947368421,Senior,Medium,63.007000000000005,Balanced
38,68,21.938,6,3.656333333333333,Senior,Low,15.937999999999999,Balanced
39,61,101.68,72,1.4122222222222223,Senior,High,29.680000000000007,High Spending
40,69,14.0,23,0.6086956521739131,Senior,Low,-9.0,High Spending
41,20,111.042,47,2.362595744680851,Young,Medium,64.042,Balanced
42,54,103.61,90,1.1512222222222221,Senior,High,13.61,High Spending
43,68,113.691,46,2.4715434782608696,Senior,Medium,67.691,Balanced
44,24,48.304,12,4.025333333333333,Young,Low,36.304,High Savings
45,38,79.449,90,0.8827666666666667,Middle-Aged,High,-10.551000000000002,High Spending
46,26,92.986,13,7.152769230769231,Young,Low,79.986,High Savings
47,56,118.94,62,1.9183870967741936,Senior,Medium,56.94,High Spending
48,35,48.494,82,0.591390243902439,Middle-Aged,High,-33.506,High Spending
49,21,13.373,89,0.15025842696629213,Young,High,-75.627,High Spending
50,42,107.532,97,1.1085773195876287,Middle-Aged,High,10.531999999999996,High Spending
51,31,102.658,60,1.7109666666666667,Middle-Aged,Medium,42.658,High Spending
52,67,133.633,43,3.107744186046512,Senior,Medium,90.63300000000001,Balanced
53,26,110.386,76,1.4524473684210526,Young,High,34.385999999999996,High Spending
54,43,37.35,100,0.3735,Middle-Aged,High,-62.65,High Spending
55,19,103.008,68,1.5148235294117647,Young,High,35.007999999999996,High Spending
56,37,104.297,5,20.8594,Middle-Aged,Low,99.297,High Savings
57,45,35.351,37,0.9554324324324324,Middle-Aged,Medium,-1.649000000000001,High Spending
58,64,98.668,72,1.3703888888888889,Senior,High,26.668000000000006,High Spending
59,24,124.585,92,1.3541847826086957,Young,High,32.584999999999994,High Spending
60,61,85.353,31,2.753322580645161,Senior,Low,54.352999999999994,Balanced
61,25,75.953,9,8.439222222222222,Young,Low,66.953,High Savings
62,64,67.458,51,1.3227058823529412,Senior,Medium,16.458,High Spending
63,52,30.358,29,1.0468275862068965,Senior,Low,1.3580000000000005,High Spending
64,31,13.267,78,0.17008974358974357,Middle-Aged,High,-64.733,High Spending
65,34,92.745,40,2.318625,Middle-Aged,Medium,52.745000000000005,Balanced
66,53,99.588,41,2.4289756097560975,Senior,Medium,58.587999999999994,Balanced
67,67,48.513,86,0.5641046511627906,Senior,High,-37.487,High Spending
68,57,21.338,11,1.9398181818181819,Senior,Low,10.338000000000001,High Spending
69,21,141.484,23,6.151478260869566,Young,Low,118.48400000000001,High Savings
70,19,17.543,1,17.543,Young,Low,16.543,High Savings
71,23,115.891,46,2.5193695652173913,Young,Medium,69.891,Balanced
72,59,70.692,21,3.366285714285714,Senior,Low,49.69199999999999,Balanced
73,21,54.425,90,0.6047222222222222,Young,High,-35.575,High Spending
74,46,48.756,36,1.3543333333333334,Middle-Aged,Medium,12.756,High Spending
75,35,28.888,54,0.534962962962963,Middle-Aged,Medium,-25.112,High Spending
76,43,57.295,87,0.6585632183908047,Middle-Aged,High,-29.705,High Spending
77,61,124.352,57,2.1816140350877196,Senior,Medium,67.352,Balanced
78,51,93.042,1,93.042,Senior,Low,92.042,High Savings
79,27,95.999,63,1.5237936507936507,Young,Medium,32.998999999999995,High Spending
80,53,27.955,54,0.5176851851851851,Senior,Medium,-26.045,High Spending
81,31,47.841,55,0.8698363636363636,Middle-Aged,Medium,-7.158999999999999,High Spending
82,48,80.64,40,2.016,Middle-Aged,Medium,40.64,Balanced
83,65,148.429,15,9.895266666666666,Senior,Low,133.429,High Savings
84,32,71.476,21,3.4036190476190478,Middle-Aged,Low,50.476,Balanced
85,25,54.811,47,1.166191489361702,Young,Medium,7.811,High Spending
86,31,81.18,73,1.1120547945205481,Middle-Aged,High,8.180000000000007,High Spending
87,40,122.856,53,2.3180377358490567,Middle-Aged,Medium,69.856,Balanced
88,57,78.45,9,8.716666666666667,Senior,Low,69.45,High Savings
89,38,121.888,74,1.647135135135135,Middle-Aged,High,47.888000000000005,High Spending
90,33,120.448,52,2.316307692307692,Middle-Aged,Medium,68.448,Balanced
91,62,24.397,57,0.4280175438596491,Senior,Medium,-32.603,High Spending
92,35,141.8,26,5.453846153846154,Middle-Aged,Low,115.80000000000001,High Savings
93,64,129.18,41,3.1507317073170733,Senior,Medium,88.18,Balanced
94,41,76.234,35,2.1781142857142854,Middle-Aged,Medium,41.233999999999995,Balanced
95,43,49.954,63,0.7929206349206349,Middle-Aged,Medium,-13.046,High Spending
96,42,89.459,25,3.57836,Middle-Aged,Low,64.459,Balanced
97,62,69.163,90,0.7684777777777777,Senior,High,-20.837000000000003,High Spending
98,58,61.934,75,0.8257866666666667,Senior,High,-13.066000000000003,High Spending
99,46,64.098,38,1.6867894736842104,Middle-Aged,Medium,26.098,High Spending
100,32,15.486,2,7.743,Middle-Aged,Low,13.486,High Savings
101,62,149.407,7,21.343857142857143,Senior,Low,142.407,High Savings
102,18,96.9,82,1.181707317073171,Young,High,14.900000000000006,High Spending
103,42,136.02,91,1.4947252747252748,Middle-Aged,High,45.02000000000001,High Spending
104,24,112.795,34,3.3175,Young,Medium,78.795,Balanced
105,26,97.508,91,1.0715164835164834,Young,High,6.507999999999996,High Spending
106,41,128.324,17,7.548470588235295,Middle-Aged,Low,111.32400000000001,High Savings
107,18,70.566,43,1.6410697674418606,Young,Medium,27.566000000000003,High Spending
108,61,37.192,59,0.6303728813559322,Senior,Medium,-21.808,High Spending
109,25,11.062,51,0.2169019607843137,Young,Medium,-39.938,High Spending
110,41,94.076,54,1.742148148148148,Middle-Aged,Medium,40.07599999999999,High Spending
111,28,99.78,24,4.1575,Young,Low,75.78,High Savings
112,68,31.689,25,1.26756,Senior,Low,6.689,High Spending
113,34,21.174,71,0.29822535211267603,Middle-Aged,High,-49.826,High Spending
114,25,98.461,52,1.8934807692307691,Young,Medium,46.461,High Spending
115,52,136.174,70,1.9453428571428573,Senior,High,66.174,High Spending
116,52,113.033,88,1.2844659090909092,Senior,High,25.033,High Spending
117,50,19.348,33,0.5863030303030303,Middle-Aged,Low,-13.652000000000001,High Spending
118,22,48.102,49,0.981673469387755,Young,Medium,-0.8980000000000032,High Spending
119,59,84.46,29,2.912413793103448,Senior,Low,55.459999999999994,Balanced
120,56,112.634,63,1.7878412698412698,Senior,Medium,49.634,High Spending
121,58,99.93,22,4.542272727272728,Senior,Low,77.93,High Savings
122,45,16.801,26,0.6461923076923076,Middle-Aged,Low,-9.199000000000002,High Spending
123,24,113.15,28,4.041071428571429,Young,Low,85.15,High Savings
124,26,11.542,85,0.13578823529411765,Young,High,-73.458,High Spending
125,25,31.677,49,0.646469387755102,Young,Medium,-17.323,High Spending
126,29,49.081,71,0.6912816901408451,Young,High,-21.918999999999997,High Spending
127,51,103.105,81,1.2729012345679014,Senior,High,22.105000000000004,High Spending
128,50,29.065,84,0.3460119047619048,Middle-Aged,High,-54.935,High Spending
129,65,98.092,49,2.0018775510204083,Senior,Medium,49.092,Balanced
130,40,64.693,20,3.23465,Middle-Aged,Low,44.693,Balanced
131,41,36.962,86,0.42979069767441863,Middle-Aged,High,-49.038,High Spending
132,54,38.295,92,0.41625,Senior,High,-53.705,High Spending
133,52,23.807,63,0.3778888888888889,Senior,Medium,-39.193,High Spending
134,61,142.396,61,2.334360655737705,Senior,Medium,81.39599999999999,Balanced
135,57,101.267,49,2.066673469387755,Senior,Medium,52.266999999999996,Balanced
136,39,29.87,71,0.4207042253521127,Middle-Aged,High,-41.129999999999995,High Spending
137,44,36.79,1,36.79,Middle-Aged,Low,35.79,High Savings
138,52,128.874,96,1.3424375,Senior,High,32.873999999999995,High Spending
139,18,35.289,13,2.714538461538462,Young,Low,22.289,Balanced
140,52,25.485,94,0.27111702127659576,Senior,High,-68.515,High Spending
141,54,54.482,87,0.6262298850574712,Senior,High,-32.518,High Spending
142,64,96.188,51,1.8860392156862746,Senior,Medium,45.188,High Spending
143,31,14.748,56,0.26335714285714285,Middle-Aged,Medium,-41.252,High Spending
144,20,13.709,83,0.16516867469879518,Young,High,-69.291,High Spending
145,18,133.961,62,2.160661290322581,Young,Medium,71.96100000000001,Balanced
146,22,40.355,32,1.26109375,Young,Low,8.354999999999997,High Spending
147,43,52.918,30,1.7639333333333334,Middle-Aged,Low,22.918,High Spending
148,31,62.224,29,2.145655172413793,Middle-Aged,Low,33.224,Balanced
149,56,49.298,49,1.0060816326530613,Senior,Medium,0.2980000000000018,High Spending
150,44,90.219,45,2.0048666666666666,Middle-Aged,Medium,45.218999999999994,Balanced
151,26,71.629,93,0.7702043010752688,Young,High,-21.370999999999995,High Spending
152,32,76.04,30,2.534666666666667,Middle-Aged,Low,46.040000000000006,Balanced
153,32,38.016,16,2.376,Middle-Aged,Low,22.016,Balanced
154,43,33.96,40,0.849,Middle-Aged,Medium,-6.039999999999999,High Spending
155,59,43.591,19,2.294263157894737,Senior,Low,24.591,Balanced
156,30,113.333,18,6.296277777777778,Young,Low,95.333,High Savings
157,68,124.821,1,124.821,Senior,Low,123.821,High Savings
158,49,46.395,78,0.5948076923076924,Middle-Aged,High,-31.604999999999997,High Spending
159,56,139.695,47,2.9722340425531915,Senior,Medium,92.695,Balanced
160,66,44.62,66,0.676060606060606,Senior,Medium,-21.380000000000003,High Spending
161,69,138.148,92,1.501608695652174,Senior,High,46.147999999999996,High Spending
162,49,30.559,94,0.32509574468085106,Middle-Aged,High,-63.441,High Spending
163,21,103.396,38,2.7209473684210526,Young,Medium,65.396,Balanced
164,47,31.732,51,0.6221960784313726,Middle-Aged,Medium,-19.268,High Spending
165,54,101.362,63,1.6089206349206349,Senior,Medium,38.361999999999995,High Spending
166,40,23.843,4,5.96075,Middle-Aged,Low,19.843,High Savings
167,56,124.065,1,124.065,Senior,Low,123.065,High Savings
168,62,81.726,8,10.21575,Senior,Low,73.726,High Savings
169,32,27.64,29,0.9531034482758621,Middle-Aged,Low,-1.3599999999999994,High Spending
170,60,62.528,55,1.1368727272727273,Senior,Medium,7.527999999999999,High Spending
171,46,48.413,3,16.137666666666664,Middle-Aged,Low,45.413,High Savings
172,53,62.638,32,1.9574375,Senior,Low,30.637999999999998,High Spending
173,30,120.133,10,12.0133,Young,Low,110.133,High Savings
174,49,116.357,74,1.572391891891892,Middle-Aged,High,42.357,High Spending
175,24,148.186,83,1.7853734939759036,Young,High,65.186,High Spending
176,68,88.859,34,2.6134999999999997,Senior,Medium,54.858999999999995,Balanced
177,39,109.657,97,1.1304845360824742,Middle-Aged,High,12.656999999999996,High Spending
178,45,21.023,87,0.24164367816091953,Middle-Aged,High,-65.977,High Spending
179,19,31.447,55,0.5717636363636364,Young,Medium,-23.553,High Spending
180,59,135.899,92,1.4771630434782608,Senior,High,43.899,High Spending
181,62,33.959,32,1.06121875,Senior,Low,1.9590000000000032,High Spending
182,23,76.203,50,1.52406,Young,Medium,26.203000000000003,High Spending
183,45,129.156,7,18.450857142857142,Middle-Aged,Low,122.156,High Savings
184,45,19.337,93,0.2079247311827957,Middle-Aged,High,-73.663,High Spending
185,61,56.427,8,7.053375,Senior,Low,48.427,High Savings
186,61,71.529,65,1.1004461538461539,Senior,Medium,6.528999999999996,High Spending
187,37,112.023,57,1.9653157894736841,Middle-Aged,Medium,55.022999999999996,High Spending
188,47,94.665,67,1.4129104477611942,Middle-Aged,High,27.665000000000006,High Spending
189,28,115.787,88,1.3157613636363636,Young,High,27.787000000000006,High Spending
190,45,43.307,87,0.4977816091954023,Middle-Aged,High,-43.693,High Spending
191,42,137.016,59,2.3223050847457625,Middle-Aged,Medium,78.01599999999999,Balanced
192,56,14.835,72,0.20604166666666668,Senior,High,-57.165,High Spending
193,50,30.159,54,0.5585,Middle-Aged,Medium,-23.841,High Spending
194,18,131.79,67,1.9670149253731342,Young,High,64.78999999999999,High Spending
195,44,115.616,51,2.2669803921568628,Middle-Aged,Medium,64.616,Balanced
196,69,88.752,97,0.9149690721649484,Senior,High,-8.248000000000005,High Spending
197,30,65.284,92,0.709608695652174,Young,High,-26.715999999999994,High Spending
198,58,67.043,8,8.380375,Senior,Low,59.043000000000006,High Savings
199,20,107.007,34,3.1472647058823533,Young,Medium,73.007,Balanced
200,56,92.844,35,2.652685714285714,Senior,Medium,57.843999999999994,Balanced
201,23,37.532,96,0.3909583333333333,Young,High,-58.468,High Spending
202,25,132.402,88,1.5045681818181817,Young,High,44.40199999999999,High Spending
203,44,128.012,78,1.6411794871794871,Middle-Aged,High,50.012,High Spending
204,26,146.785,32,4.58703125,Young,Low,114.785,High Savings
205,54,66.178,46,1.4386521739130433,Senior,Medium,20.177999999999997,High Spending
206,50,59.407,16,3.7129375,Middle-Aged,Low,43.407,Balanced
207,68,60.99,68,0.8969117647058824,Senior,High,-7.009999999999998,High Spending
208,59,139.473,37,3.769540540540541,Senior,Medium,102.47300000000001,Balanced
209,61,68.141,54,1.2618703703703704,Senior,Medium,14.141000000000005,High Spending
210,41,66.57,85,0.7831764705882353,Middle-Aged,High,-18.430000000000007,High Spending
211,32,11.015,14,0.7867857142857143,Middle-Aged,Low,-2.9849999999999994,High Spending
212,49,71.813,95,0.7559263157894737,Middle-Aged,High,-23.186999999999998,High Spending
213,49,37.712,55,0.6856727272727273,Middle-Aged,Medium,-17.287999999999997,High Spending
214,41,110.497,48,2.302020833333333,Middle-Aged,Medium,62.497,Balanced
215,58,149.487,82,1.8230121951219511,Senior,High,67.487,High Spending
216,69,122.816,7,17.545142857142856,Senior,Low,115.816,High Savings
217,66,138.778,74,1.8753783783783782,Senior,High,64.77799999999999,High Spending
218,66,72.292,7,10.327428571428571,Senior,Low,65.292,High Savings
219,69,33.833,33,1.0252424242424243,Senior,Low,0.8329999999999984,High Spending
220,29,145.23,23,6.314347826086956,Young,Low,122.22999999999999,High Savings
221,56,30.309,85,0.35657647058823533,Senior,High,-54.691,High Spending
222,19,16.97,19,0.893157894736842,Young,Low,-2.030000000000001,High Spending
223,20,82.474,19,4.3407368421052634,Young,Low,63.474000000000004,High Savings
224,66,56.54,36,1.5705555555555555,Senior,Medium,20.54,High Spending
225,54,28.017,29,0.966103448275862,Senior,Low,-0.9830000000000005,High Spending
226,66,85.88,60,1.4313333333333333,Senior,Medium,25.879999999999995,High Spending
227,34,115.57,82,1.4093902439024388,Middle-Aged,High,33.56999999999999,High Spending
228,66,18.702,2,9.351,Senior,Low,16.702,High Savings
229,19,141.456,1,141.456,Young,Low,140.456,High Savings
230,19,10.404,47,0.22136170212765957,Young,Medium,-36.596000000000004,High Spending
231,45,22.763,69,0.3298985507246377,Middle-Aged,High,-46.236999999999995,High Spending
232,40,108.142,20,5.4071,Middle-Aged,Low,88.142,High Savings
233,54,90.642,11,8.240181818181817,Senior,Low,79.642,High Savings
234,49,60.612,2,30.306,Middle-Aged,Low,58.612,High Savings
235,50,33.574,67,0.5011044776119403,Middle-Aged,High,-33.426,High Spending
236,18,33.524,87,0.38533333333333336,Young,High,-53.476,High Spending
237,36,20.916,12,1.743,Middle-Aged,Low,8.916,High Spending
238,19,14.809,20,0.7404499999999999,Young,Low,-5.191000000000001,High Spending
239,61,131.288,5,26.257600000000004,Senior,Low,126.28800000000001,High Savings
240,43,48.765,37,1.317972972972973,Middle-Aged,Medium,11.765,High Spending
241,49,55.106,38,1.450157894736842,Middle-Aged,Medium,17.106,High Spending
242,23,63.932,94,0.6801276595744681,Young,High,-30.067999999999998,High Spending
243,49,67.091,9,7.4545555555555545,Middle-Aged,Low,58.090999999999994,High Savings
244,21,31.949,98,0.32601020408163267,Young,High,-66.051,High Spending
245,28,47.744,53,0.9008301886792452,Young,Medium,-5.256,High Spending
246,34,118.319,44,2.689068181818182,Middle-Aged,Medium,74.319,Balanced
247,55,102.193,99,1.0322525252525252,Senior,High,3.192999999999998,High Spending
248,41,46.187,86,0.5370581395348837,Middle-Aged,High,-39.813,High Spending
249,22,148.311,24,6.179625000000001,Young,Low,124.311,High Savings
250,69,134.454,81,1.659925925925926,Senior,High,53.45400000000001,High Spending
251,51,24.489,74,0.3309324324324324,Senior,High,-49.510999999999996,High Spending
252,23,71.877,30,2.3958999999999997,Young,Low,41.876999999999995,Balanced
253,39,59.922,59,1.0156271186440677,Middle-Aged,Medium,0.921999999999997,High Spending
254,28,104.074,87,1.1962528735632183,Young,High,17.073999999999998,High Spending
255,65,47.131,96,0.49094791666666665,Senior,High,-48.869,High Spending
256,33,125.765,81,1.5526543209876544,Middle-Aged,High,44.765,High Spending
257,50,83.963,81,1.03658024691358,Middle-Aged,High,2.962999999999994,High Spending
258,26,116.884,14,8.348857142857144,Young,Low,102.884,High Savings
259,23,135.917,9,15.101888888888888,Young,Low,126.917,High Savings
260,33,34.285,40,0.8571249999999999,Middle-Aged,Medium,-5.715000000000003,High Spending
261,46,47.626,66,0.7216060606060606,Middle-Aged,Medium,-18.374000000000002,High Spending
262,20,29.198,25,1.16792,Young,Low,4.198,High Spending
263,37,25.254,73,0.34594520547945207,Middle-Aged,High,-47.745999999999995,High Spending
264,53,54.238,22,2.4653636363636364,Senior,Low,32.238,Balanced
265,36,11.252,4,2.813,Middle-Aged,Low,7.252000000000001,Balanced
266,43,49.764,26,1.9140000000000001,Middle-Aged,Low,23.764000000000003,High Spending
267,20,87.709,58,1.5122241379310346,Young,Medium,29.709000000000003,High Spending
268,36,63.682,29,2.1959310344827587,Middle-Aged,Low,34.682,Balanced
269,37,69.494,98,0.7091224489795919,Middle-Aged,High,-28.506,High Spending
270,49,91.317,87,1.0496206896551723,Middle-Aged,High,4.316999999999993,High Spending
271,24,75.215,37,2.032837837837838,Young,Medium,38.215,Balanced
272,69,88.587,75,1.18116,Senior,High,13.587000000000003,High Spending
273,58,16.949,70,0.24212857142857144,Senior,High,-53.051,High Spending
274,50,65.393,18,3.6329444444444445,Middle-Aged,Low,47.393,Balanced
275,57,148.013,85,1.741329411764706,Senior,High,63.013000000000005,High Spending
276,56,35.934,42,0.8555714285714285,Senior,Medium,-6.0660000000000025,High Spending
277,35,85.745,100,0.85745,Middle-Aged,High,-14.254999999999995,High Spending
278,57,104.456,41,2.5477073170731708,Senior,Medium,63.456,Balanced
279,18,63.413,38,1.6687631578947368,Young,Medium,25.412999999999997,High Spending
280,28,107.239,34,3.1540882352941177,Young,Medium,73.239,Balanced
281,45,52.318,17,3.0775294117647056,Middle-Aged,Low,35.318,Balanced
282,42,80.39,37,2.172702702702703,Middle-Aged,Medium,43.39,Balanced
283,67,53.088,25,2.12352,Senior,Low,28.088,Balanced
284,40,113.196,76,1.489421052631579,Middle-Aged,High,37.196,High Spending
285,48,65.479,87,0.752632183908046,Middle-Aged,High,-21.521,High Spending
286,47,29.963,86,0.3484069767441861,Middle-Aged,High,-56.037,High Spending
287,59,65.123,85,0.7661529411764706,Senior,High,-19.876999999999995,High Spending
288,52,135.911,27,5.033740740740741,Senior,Low,108.911,High Savings
289,24,112.468,57,1.973122807017544,Young,Medium,55.468,High Spending
290,33,83.477,31,2.6928064516129036,Middle-Aged,Low,52.477000000000004,Balanced
291,43,24.388,6,4.064666666666667,Middle-Aged,Low,18.388,High Savings
292,65,15.569,91,0.1710879120879121,Senior,High,-75.431,High Spending
293,69,79.836,40,1.9959,Senior,Medium,39.836,High Spending
294,66,114.573,98,1.1691122448979592,Senior,High,16.572999999999993,High Spending
295,19,55.002,12,4.5835,Young,Low,43.002,High Savings
296,18,147.326,53,2.7797358490566038,Young,Medium,94.326,Balanced
297,65,147.162,71,2.072704225352113,Senior,High,76.162,Balanced
298,29,34.071,10,3.4071,Young,Low,24.070999999999998,Balanced
299,22,68.243,45,1.516511111111111,Young,Medium,23.242999999999995,High Spending
300,54,135.827,17,7.9898235294117645,Senior,Low,118.827,High Savings
301,49,118.215,26,4.546730769230769,Middle-Aged,Low,92.215,High Savings
302,26,111.57,85,1.3125882352941176,Young,High,26.569999999999993,High Spending
303,58,79.724,92,0.8665652173913044,Senior,High,-12.275999999999996,High Spending
304,52,125.359,62,2.0219193548387095,Senior,Medium,63.358999999999995,Balanced
305,36,85.697,46,1.8629782608695653,Middle-Aged,Medium,39.697,High Spending
306,65,38.732,64,0.6051875,Senior,Medium,-25.268,High Spending
307,33,131.465,2,65.7325,Middle-Aged,Low,129.465,High Savings
308,20,67.108,54,1.242740740740741,Young,Medium,13.108000000000004,High Spending
309,37,121.195,65,1.8645384615384615,Middle-Aged,Medium,56.19499999999999,High Spending
310,41,113.081,51,2.2172745098039215,Middle-Aged,Medium,62.081,Balanced
311,50,46.668,53,0.8805283018867924,Middle-Aged,Medium,-6.332000000000001,High Spending
312,41,33.061,36,0.9183611111111111,Middle-Aged,Medium,-2.939,High Spending
313,69,89.252,26,3.432769230769231,Senior,Low,63.251999999999995,Balanced
314,28,49.749,29,1.7154827586206898,Young,Low,20.749000000000002,High Spending
315,66,140.56,21,6.693333333333333,Senior,Low,119.56,High Savings
316,25,114.68,11,10.425454545454546,Young,Low,103.68,High Savings
317,53,61.745,40,1.543625,Senior,Medium,21.744999999999997,High Spending
318,55,118.464,11,10.769454545454545,Senior,Low,107.464,High Savings
319,57,101.865,36,2.8295833333333333,Senior,Medium,65.865,Balanced
320,37,122.428,59,2.0750508474576272,Middle-Aged,Medium,63.428,Balanced
321,52,33.624,39,0.8621538461538462,Senior,Medium,-5.375999999999998,High Spending
322,65,33.321,99,0.33657575757575753,Senior,High,-65.679,High Spending
323,42,32.574,54,0.6032222222222222,Middle-Aged,Medium,-21.426000000000002,High Spending
324,52,146.312,98,1.4929795918367348,Senior,High,48.31200000000001,High Spending
325,42,128.831,55,2.342381818181818,Middle-Aged,Medium,73.83099999999999,Balanced
326,46,145.504,24,6.062666666666666,Middle-Aged,Low,121.50399999999999,High Savings
327,35,105.257,22,4.784409090909091,Middle-Aged,Low,83.257,High Savings
328,63,74.291,69,1.0766811594202899,Senior,High,5.290999999999997,High Spending
329,35,137.6,56,2.457142857142857,Middle-Aged,Medium,81.6,Balanced
330,19,60.428,33,1.831151515151515,Young,Low,27.427999999999997,High Spending
331,52,141.374,36,3.9270555555555555,Senior,Medium,105.374,Balanced
332,33,141.127,20,7.05635,Middle-Aged,Low,121.12700000000001,High Savings
333,58,121.317,83,1.4616506024096385,Senior,High,38.31699999999999,High Spending
334,53,149.789,99,1.513020202020202,Senior,High,50.78899999999999,High Spending
335,50,137.449,81,1.6969012345679013,Middle-Aged,High,56.44900000000001,High Spending
336,21,38.699,62,0.6241774193548387,Young,Medium,-23.301000000000002,High Spending
337,50,83.686,98,0.8539387755102041,Middle-Aged,High,-14.313999999999993,High Spending
338,31,77.661,73,1.0638493150684931,Middle-Aged,High,4.661000000000001,High Spending
339,38,54.247,26,2.0864230769230767,Middle-Aged,Low,28.247,Balanced
340,65,115.113,66,1.7441363636363636,Senior,Medium,49.113,High Spending
341,37,14.621,73,0.20028767123287672,Middle-Aged,High,-58.379,High Spending
342,25,146.198,73,2.0027123287671236,Young,High,73.19800000000001,Balanced
343,24,146.194,40,3.6548499999999997,Young,Medium,106.19399999999999,Balanced
344,20,28.03,17,1.6488235294117648,Young,Low,11.030000000000001,High Spending
345,34,92.838,1,92.838,Middle-Aged,Low,91.838,High Savings
346,50,94.717,89,1.0642359550561797,Middle-Aged,High,5.716999999999999,High Spending
347,65,48.638,61,0.7973442622950819,Senior,Medium,-12.362000000000002,High Spending
348,29,77.067,43,1.7922558139534883,Young,Medium,34.06699999999999,High Spending
349,68,128.033,42,3.0484047619047616,Senior,Medium,86.03299999999999,Balanced
350,39,115.977,25,4.63908,Middle-Aged,Low,90.977,High Savings
351,39,98.869,39,2.535102564102564,Middle-Aged,Medium,59.869,Balanced
352,63,115.186,35,3.2910285714285714,Senior,Medium,80.186,Balanced
353,47,44.674,3,14.891333333333334,Middle-Aged,Low,41.674,High Savings
354,55,56.271,44,1.2788863636363637,Senior,Medium,12.271,High Spending
355,55,83.688,51,1.6409411764705883,Senior,Medium,32.688,High Spending
356,62,121.076,94,1.2880425531914892,Senior,High,27.075999999999993,High Spending
357,68,11.062,98,0.11287755102040815,Senior,High,-86.938,High Spending
358,25,60.448,12,5.037333333333334,Young,Low,48.448,High Savings
359,44,105.462,19,5.550631578947368,Middle-Aged,Low,86.462,High Savings
360,44,147.301,44,3.3477499999999996,Middle-Aged,Medium,103.30099999999999,Balanced
361,51,57.915,59,0.9816101694915255,Senior,Medium,-1.0850000000000009,High Spending
362,38,14.632,49,0.2986122448979592,Middle-Aged,Medium,-34.368,High Spending
363,47,114.592,61,1.8785573770491804,Middle-Aged,Medium,53.592,High Spending
364,50,144.668,17,8.509882352941176,Middle-Aged,Low,127.668,High Savings
365,45,119.779,74,1.6186351351351351,Middle-Aged,High,45.778999999999996,High Spending
366,64,147.24,57,2.5831578947368423,Senior,Medium,90.24000000000001,Balanced
367,50,118.099,55,2.1472545454545453,Middle-Aged,Medium,63.099000000000004,Balanced
368,22,17.561,47,0.37363829787234043,Young,Medium,-29.439,High Spending
369,65,92.152,12,7.679333333333333,Senior,Low,80.152,High Savings
370,36,135.036,62,2.178,Middle-Aged,Medium,73.036,Balanced
371,21,134.049,80,1.6756125000000002,Young,High,54.04900000000001,High Spending
372,52,36.734,88,0.4174318181818182,Senior,High,-51.266,High Spending
373,66,147.443,83,1.7764216867469882,Senior,High,64.44300000000001,High Spending
374,34,36.069,8,4.508625,Middle-Aged,Low,28.069000000000003,High Savings
375,61,22.91,95,0.2411578947368421,Senior,High,-72.09,High Spending
376,45,83.479,21,3.975190476190476,Middle-Aged,Low,62.479,Balanced
377,47,91.264,81,1.126716049382716,Middle-Aged,High,10.263999999999996,High Spending
378,46,33.275,87,0.3824712643678161,Middle-Aged,High,-53.725,High Spending
379,63,82.274,80,1.028425,Senior,High,2.274000000000001,High Spending
380,23,110.776,70,1.5825142857142858,Young,High,40.775999999999996,High Spending
381,52,58.447,72,0.811763888888889,Senior,High,-13.552999999999997,High Spending
382,58,136.394,25,5.455760000000001,Senior,Low,111.394,High Savings
383,54,85.703,82,1.045158536585366,Senior,High,3.703000000000003,High Spending
384,41,86.09,89,0.9673033707865168,Middle-Aged,High,-2.9099999999999966,High Spending
385,46,27.26,12,2.271666666666667,Middle-Aged,Low,15.260000000000002,Balanced
386,66,122.581,15,8.172066666666668,Senior,Low,107.581,High Savings
387,63,13.812,59,0.23410169491525423,Senior,Medium,-45.188,High Spending
388,48,126.148,26,4.851846153846154,Middle-Aged,Low,100.148,High Savings
389,52,126.421,26,4.862346153846154,Senior,Low,100.421,High Savings
390,50,11.605,47,0.2469148936170213,Middle-Aged,Medium,-35.394999999999996,High Spending
391,69,82.303,32,2.57196875,Senior,Low,50.303,Balanced
392,38,86.125,10,8.6125,Middle-Aged,Low,76.125,High Savings
393,49,134.04,16,8.3775,Middle-Aged,Low,118.03999999999999,High Savings
394,40,14.324,71,0.20174647887323943,Middle-Aged,High,-56.676,High Spending
395,50,86.323,17,5.077823529411765,Middle-Aged,Low,69.323,High Savings
396,20,19.111,23,0.8309130434782609,Young,Low,-3.8889999999999993,High Spending
397,35,26.389,26,1.0149615384615385,Middle-Aged,Low,0.38899999999999935,High Spending
398,42,132.177,85,1.5550235294117647,Middle-Aged,High,47.17699999999999,High Spending
399,59,51.427,86,0.5979883720930232,Senior,High,-34.573,High Spending
400,48,132.883,7,18.983285714285717,Middle-Aged,Low,125.88300000000001,High Savings
401,20,141.189,14,10.084928571428572,Young,Low,127.189,High Savings
402,57,135.808,79,1.7190886075949365,Senior,High,56.80799999999999,High Spending
403,63,122.221,7,17.46014285714286,Senior,Low,115.221,High Savings
404,41,23.234,9,2.5815555555555556,Middle-Aged,Low,14.234000000000002,Balanced
405,67,63.441,48,1.3216875000000001,Senior,Medium,15.441000000000003,High Spending
406,49,10.846,72,0.15063888888888888,Middle-Aged,High,-61.153999999999996,High Spending
407,64,20.954,59,0.35515254237288135,Senior,Medium,-38.046,High Spending
408,39,89.239,87,1.0257356321839082,Middle-Aged,High,2.2390000000000043,High Spending
409,40,56.514,93,0.6076774193548388,Middle-Aged,High,-36.486,High Spending
410,19,98.236,82,1.198,Young,High,16.236000000000004,High Spending
411,44,107.579,95,1.1324105263157893,Middle-Aged,High,12.578999999999994,High Spending
412,59,147.541,94,1.5695851063829787,Senior,High,53.541,High Spending
413,19,52.101,39,1.335923076923077,Young,Medium,13.100999999999999,High Spending
414,43,74.323,99,0.7507373737373737,Middle-Aged,High,-24.677000000000007,High Spending
415,34,101.922,18,5.662333333333333,Middle-Aged,Low,83.922,High Savings
416,57,137.534,59,2.3310847457627117,Senior,Medium,78.53399999999999,Balanced
417,50,77.584,17,4.563764705882353,Middle-Aged,Low,60.584,High Savings
418,26,114.537,14,8.181214285714287,Young,Low,100.537,High Savings
419,60,88.477,31,2.8540967741935486,Senior,Low,57.477000000000004,Balanced
420,65,52.533,24,2.188875,Senior,Low,28.533,Balanced
421,56,11.828,99,0.11947474747474747,Senior,High,-87.172,High Spending
422,46,11.917,60,0.19861666666666666,Middle-Aged,Medium,-48.083,High Spending
423,59,30.618,45,0.6804,Senior,Medium,-14.382000000000001,High Spending
424,43,42.254,98,0.4311632653061224,Middle-Aged,High,-55.746,High Spending
425,52,115.292,3,38.43066666666667,Senior,Low,112.292,High Savings
426,67,57.362,37,1.5503243243243243,Senior,Medium,20.362000000000002,High Spending
427,42,30.128,43,0.7006511627906977,Middle-Aged,Medium,-12.872,High Spending
428,41,133.781,40,3.344525,Middle-Aged,Medium,93.781,Balanced
429,30,75.545,90,0.839388888888889,Young,High,-14.454999999999998,High Spending
430,24,92.18,55,1.6760000000000002,Young,Medium,37.18000000000001,High Spending
431,53,97.958,87,1.1259540229885057,Senior,High,10.957999999999998,High Spending
432,62,143.291,39,3.674128205128205,Senior,Medium,104.291,Balanced
433,37,49.809,15,3.3205999999999998,Middle-Aged,Low,34.809,Balanced
434,18,126.748,4,31.687,Young,Low,122.748,High Savings
435,25,15.287,93,0.1643763440860215,Young,High,-77.713,High Spending
436,63,18.512,86,0.2152558139534884,Senior,High,-67.488,High Spending
437,33,142.414,25,5.69656,Middle-Aged,Low,117.41399999999999,High Savings
438,31,118.872,13,9.144,Middle-Aged,Low,105.872,High Savings
439,29,103.07,82,1.256951219512195,Young,High,21.069999999999993,High Spending
440,68,89.767,33,2.7202121212121213,Senior,Low,56.766999999999996,Balanced
441,40,107.829,16,6.7393125,Middle-Aged,Low,91.829,High Savings
442,32,52.078,42,1.239952380952381,Middle-Aged,Medium,10.078000000000003,High Spending
443,45,116.288,66,1.761939393939394,Middle-Aged,Medium,50.288,High Spending
444,51,93.524,55,1.7004363636363637,Senior,Medium,38.524,High Spending
445,19,22.219,99,0.22443434343434346,Young,High,-76.781,High Spending
446,49,10.235,42,0.24369047619047618,Middle-Aged,Medium,-31.765,High Spending
447,40,52.929,34,1.556735294117647,Middle-Aged,Medium,18.929000000000002,High Spending
448,39,137.309,30,4.576966666666666,Middle-Aged,Low,107.309,High Savings
449,68,77.444,13,5.95723076923077,Senior,Low,64.444,High Savings
450,42,149.639,13,11.510692307692308,Middle-Aged,Low,136.639,High Savings
451,39,111.834,18,6.213,Middle-Aged,Low,93.834,High Savings
452,39,94.555,32,2.95484375,Middle-Aged,Low,62.55500000000001,Balanced
453,66,83.698,96,0.8718541666666666,Senior,High,-12.302000000000007,High Spending
454,69,134.45,99,1.358080808080808,Senior,High,35.44999999999999,High Spending
455,59,146.487,39,3.756076923076923,Senior,Medium,107.487,Balanced
456,23,53.925,46,1.1722826086956522,Young,Medium,7.924999999999997,High Spending
457,32,147.023,29,5.069758620689655,Middle-Aged,Low,118.023,High Savings
458,60,97.388,62,1.5707741935483872,Senior,Medium,35.388000000000005,High Spending
459,54,18.007,93,0.1936236559139785,Senior,High,-74.993,High Spending
460,50,68.596,62,1.1063870967741936,Middle-Aged,Medium,6.596000000000004,High Spending
461,25,131.101,57,2.3000175438596493,Young,Medium,74.101,Balanced
462,61,98.861,16,6.1788125,Senior,Low,82.861,High Savings
463,61,96.74,56,1.7274999999999998,Senior,Medium,40.739999999999995,High Spending
464,22,25.524,10,2.5524,Young,Low,15.524000000000001,Balanced
465,56,141.149,30,4.7049666666666665,Senior,Low,111.149,High Savings
466,21,135.501,25,5.42004,Young,Low,110.501,High Savings
467,23,30.611,84,0.36441666666666667,Young,High,-53.388999999999996,High Spending
468,62,24.06,5,4.811999999999999,Senior,Low,19.06,High Savings
469,49,53.303,65,0.8200461538461538,Middle-Aged,Medium,-11.697000000000003,High Spending
470,69,49.711,94,0.5288404255319149,Senior,High,-44.289,High Spending
471,47,83.34,49,1.7008163265306122,Middle-Aged,Medium,34.34,High Spending
472,64,112.974,3,37.658,Senior,Low,109.974,High Savings
473,52,77.728,45,1.7272888888888889,Senior,Medium,32.727999999999994,High Spending
474,57,21.246,14,1.5175714285714286,Senior,Low,7.245999999999999,High Spending
475,69,137.796,30,4.5931999999999995,Senior,Low,107.79599999999999,High Savings
476,33,102.263,68,1.5038676470588237,Middle-Aged,High,34.263000000000005,High Spending
477,30,145.09,18,8.060555555555556,Young,Low,127.09,High Savings
478,67,21.302,62,0.34358064516129033,Senior,Medium,-40.698,High Spending
479,59,77.506,37,2.0947567567567567,Senior,Medium,40.506,Balanced
480,47,51.157,25,2.04628,Middle-Aged,Low,26.156999999999996,Balanced
481,36,64.917,48,1.3524375,Middle-Aged,Medium,16.917,High Spending
482,34,106.646,65,1.6407076923076924,Middle-Aged,Medium,41.646,High Spending
483,36,93.122,53,1.7570188679245282,Middle-Aged,Medium,40.122,High Spending
484,45,34.519,79,0.4369493670886076,Middle-Aged,High,-44.481,High Spending
485,43,90.91,73,1.2453424657534247,Middle-Aged,High,17.909999999999997,High Spending
486,54,130.43,15,8.695333333333334,Senior,Low,115.43,High Savings
487,43,81.324,49,1.659673469387755,Middle-Aged,Medium,32.324,High Spending
488,40,15.408,88,0.17509090909090907,Middle-Aged,High,-72.592,High Spending
489,26,69.379,68,1.020279411764706,Young,High,1.3790000000000049,High Spending
490,29,35.053,12,2.9210833333333333,Young,Low,23.052999999999997,Balanced
491,18,141.994,59,2.406677966101695,Young,Medium,82.994,Balanced
492,18,108.723,37,2.9384594594594593,Young,Medium,71.723,Balanced
493,64,61.356,61,1.0058360655737706,Senior,Medium,0.35600000000000165,High Spending
494,51,20.789,43,0.4834651162790698,Senior,Medium,-22.211,High Spending
495,49,107.72,70,1.538857142857143,Middle-Aged,High,37.72,High Spending
496,65,76.656,39,1.9655384615384617,Senior,Medium,37.656000000000006,High Spending
497,42,54.028,56,0.9647857142857142,Middle-Aged,Medium,-1.9720000000000013,High Spending
498,57,74.484,63,1.1822857142857142,Senior,Medium,11.483999999999995,High Spending
499,62,42.154,46,0.9163913043478261,Senior,Medium,-3.8459999999999965,High Spending
500,18,12.336,88,0.14018181818181819,Young,High,-75.664,High Spending
